{
  "primaries": [
    [0, 0, 0, 0.073892389, 0.076628352, 0.063226406],
    [0, 0, 255, 12.76653129, 4.533585523, 79.80400361],
    [0, 255, 0, 14.3419566, 66.96867055, 2.832909459],
    [0, 255, 255, 27.0345955, 71.42562772, 82.57368666],
    [255, 0, 0, 69.54275693, 28.72762898, 0.063226406],
    [255, 0, 255, 82.23539582, 33.18458615, 79.80400361],
    [255, 255, 0, 83.81082113, 95.61967118, 2.832909459],
    [255, 255, 255, 96.42956764, 100, 82.51046025]
  ],
  "GS": [0,  127, 255],
  "gamma": 2.4
}